id,First name,Last name,email
1,Alan,Turing,alan@cs.com
2,Tim,Berners-Lee,tim@cs.com
3,Shigeru,Miyamoto,shigeru@cs.com
4,Sophie,Wilson,sophie@cs.com
5,Katherine,Johnson,katerine@cs.com
6,Sudha,Murthy,sudha@cs.com
7,Luis,Von Ahn,luis@cs.com
8,Yukihiro,Matsumoto,matz@cs.com
9,James,Gosling,james@cs.com
10,Ward,Cunningham,ward@cs.com